{
	"cityList": [
		{
			"province": "北京",
			"city": [
				{
					"cityName": "北京",
					"编码": "101010100"
				}, {
					"cityName": "朝阳",
					"编码": "101010300"
				}, {
					"cityName": "顺义",
					"编码": "101010400"
				}, {
					"cityName": "怀柔",
					"编码": "101010500"
				}, {
					"cityName": "通州",
					"编码": "101010600"
				}, {
					"cityName": "昌平",
					"编码": "101010700"
				}, {
					"cityName": "延庆",
					"编码": "101010800"
				}, {
					"cityName": "丰台",
					"编码": "101010900"
				}, {
					"cityName": "石景山",
					"编码": "101011000"
				}, {
					"cityName": "大兴",
					"编码": "101011100"
				}, {
					"cityName": "房山",
					"编码": "101011200"
				}, {
					"cityName": "密云",
					"编码": "101011300"
				}, {
					"cityName": "门头沟",
					"编码": "101011400"
				}, {
					"cityName": "平谷",
					"编码": "101011500"
				}, {
					"cityName": "八达岭",
					"编码": "101011600"
				}, {
					"cityName": "佛爷顶",
					"编码": "101011700"
				}, {
					"cityName": "汤河口",
					"编码": "101011800"
				}, {
					"cityName": "密云上甸子",
					"编码": "101011900"
				}, {
					"cityName": "斋堂",
					"编码": "101012000"
				}, {
					"cityName": "霞云岭",
					"编码": "101012100"
				}, {
					"cityName": "北京城区",
					"编码": "101012200"
				}, {
					"cityName": "海淀",
					"编码": "101010200"
				}
			]
		}, {
			"province": "天津",
			"city": [
				{
					"cityName": "天津",
					"编码": "101030100"
				}, {
					"cityName": "宝坻",
					"编码": "101030300"
				}, {
					"cityName": "东丽",
					"编码": "101030400"
				}, {
					"cityName": "西青",
					"编码": "101030500"
				}, {
					"cityName": "北辰",
					"编码": "101030600"
				}, {
					"cityName": "蓟县",
					"编码": "101031400"
				}, {
					"cityName": "汉沽",
					"编码": "101030800"
				}, {
					"cityName": "静海",
					"编码": "101030900"
				}, {
					"cityName": "津南",
					"编码": "101031000"
				}, {
					"cityName": "塘沽",
					"编码": "101031100"
				}, {
					"cityName": "大港",
					"编码": "101031200"
				}, {
					"cityName": "武清",
					"编码": "101030200"
				}, {
					"cityName": "宁河",
					"编码": "101030700"
				}
			]
		}, {
			"province": "上海",
			"city": [
				{
					"cityName": "上海",
					"编码": "101020100"
				}, {
					"cityName": "宝山",
					"编码": "101020300"
				}, {
					"cityName": "嘉定",
					"编码": "101020500"
				}, {
					"cityName": "南汇",
					"编码": "101020600"
				}, {
					"cityName": "浦东",
					"编码": "101021300"
				}, {
					"cityName": "青浦",
					"编码": "101020800"
				}, {
					"cityName": "松江",
					"编码": "101020900"
				}, {
					"cityName": "奉贤",
					"编码": "101021000"
				}, {
					"cityName": "崇明",
					"编码": "101021100"
				}, {
					"cityName": "徐家汇",
					"编码": "101021200"
				}, {
					"cityName": "闵行",
					"编码": "101020200"
				}, {
					"cityName": "金山",
					"编码": "101020700"
				}
			]
		}, {
			"province": "河北",
			"city": [
				{
					"cityName": "石家庄",
					"编码": "101090101"
				}, {
					"cityName": "张家口",
					"编码": "101090301"
				}, {
					"cityName": "承德",
					"编码": "101090402"
				}, {
					"cityName": "唐山",
					"编码": "101090501"
				}, {
					"cityName": "秦皇岛",
					"编码": "101091101"
				}, {
					"cityName": "沧州",
					"编码": "101090701"
				}, {
					"cityName": "衡水",
					"编码": "101090801"
				}, {
					"cityName": "邢台",
					"编码": "101090901"
				}, {
					"cityName": "邯郸",
					"编码": "101091001"
				}, {
					"cityName": "保定",
					"编码": "101090201"
				}, {
					"cityName": "廊坊",
					"编码": "101090601"
				}
			]
		}, {
			"province": "河南",
			"city": [
				{
					"cityName": "郑州",
					"编码": "101180101"
				}, {
					"cityName": "新乡",
					"编码": "101180301"
				}, {
					"cityName": "许昌",
					"编码": "101180401"
				}, {
					"cityName": "平顶山",
					"编码": "101180501"
				}, {
					"cityName": "信阳",
					"编码": "101180601"
				}, {
					"cityName": "南阳",
					"编码": "101180701"
				}, {
					"cityName": "开封",
					"编码": "101180801"
				}, {
					"cityName": "洛阳",
					"编码": "101180901"
				}, {
					"cityName": "商丘",
					"编码": "101181001"
				}, {
					"cityName": "焦作",
					"编码": "101181101"
				}, {
					"cityName": "鹤壁",
					"编码": "101181201"
				}, {
					"cityName": "濮阳",
					"编码": "101181301"
				}, {
					"cityName": "周口",
					"编码": "101181401"
				}, {
					"cityName": "漯河",
					"编码": "101181501"
				}, {
					"cityName": "驻马店",
					"编码": "101181601"
				}, {
					"cityName": "三门峡",
					"编码": "101181701"
				}, {
					"cityName": "济源",
					"编码": "101181801"
				}, {
					"cityName": "安阳",
					"编码": "101180201"
				}
			]
		}, {
			"province": "安徽",
			"city": [
				{
					"cityName": "合肥",
					"编码": "101220101"
				}, {
					"cityName": "芜湖",
					"编码": "101220301"
				}, {
					"cityName": "淮南",
					"编码": "101220401"
				}, {
					"cityName": "马鞍山",
					"编码": "101220501"
				}, {
					"cityName": "安庆",
					"编码": "101220601"
				}, {
					"cityName": "宿州",
					"编码": "101220701"
				}, {
					"cityName": "阜阳",
					"编码": "101220801"
				}, {
					"cityName": "亳州",
					"编码": "101220901"
				}, {
					"cityName": "黄山",
					"编码": "101221001"
				}, {
					"cityName": "滁州",
					"编码": "101221101"
				}, {
					"cityName": "淮北",
					"编码": "101221201"
				}, {
					"cityName": "铜陵",
					"编码": "101221301"
				}, {
					"cityName": "宣城",
					"编码": "101221401"
				}, {
					"cityName": "六安",
					"编码": "101221501"
				}, {
					"cityName": "巢湖",
					"编码": "101221601"
				}, {
					"cityName": "池州",
					"编码": "101221701"
				}, {
					"cityName": "蚌埠",
					"编码": "101220201"
				}
			]
		}, {
			"province": "浙江",
			"city": [
				{
					"cityName": "杭州",
					"编码": "101210101"
				}, {
					"cityName": "舟山",
					"编码": "101211101"
				}, {
					"cityName": "湖州",
					"编码": "101210201"
				}, {
					"cityName": "嘉兴",
					"编码": "101210301"
				}, {
					"cityName": "金华",
					"编码": "101210901"
				}, {
					"cityName": "绍兴",
					"编码": "101210501"
				}, {
					"cityName": "台州",
					"编码": "101210601"
				}, {
					"cityName": "温州",
					"编码": "101210701"
				}, {
					"cityName": "丽水",
					"编码": "101210801"
				}, {
					"cityName": "衢州",
					"编码": "101211001"
				}, {
					"cityName": "宁波",
					"编码": "101210401"
				}
			]
		}, {
			"province": "重庆",
			"city": [
				{
					"cityName": "重庆",
					"编码": "101040100"
				}, {
					"cityName": "合川",
					"编码": "101040300"
				}, {
					"cityName": "南川",
					"编码": "101040400"
				}, {
					"cityName": "江津",
					"编码": "101040500"
				}, {
					"cityName": "万盛",
					"编码": "101040600"
				}, {
					"cityName": "渝北",
					"编码": "101040700"
				}, {
					"cityName": "北碚",
					"编码": "101040800"
				}, {
					"cityName": "巴南",
					"编码": "101040900"
				}, {
					"cityName": "长寿",
					"编码": "101041000"
				}, {
					"cityName": "黔江",
					"编码": "101041100"
				}, {
					"cityName": "万州天城",
					"编码": "101041200"
				}, {
					"cityName": "万州龙宝",
					"编码": "101041300"
				}, {
					"cityName": "涪陵",
					"编码": "101041400"
				}, {
					"cityName": "开县",
					"编码": "101041500"
				}, {
					"cityName": "城口",
					"编码": "101041600"
				}, {
					"cityName": "云阳",
					"编码": "101041700"
				}, {
					"cityName": "巫溪",
					"编码": "101041800"
				}, {
					"cityName": "奉节",
					"编码": "101041900"
				}, {
					"cityName": "巫山",
					"编码": "101042000"
				}, {
					"cityName": "潼南",
					"编码": "101042100"
				}, {
					"cityName": "垫江",
					"编码": "101042200"
				}, {
					"cityName": "梁平",
					"编码": "101042300"
				}, {
					"cityName": "忠县",
					"编码": "101042400"
				}, {
					"cityName": "石柱",
					"编码": "101042500"
				}, {
					"cityName": "大足",
					"编码": "101042600"
				}, {
					"cityName": "荣昌",
					"编码": "101042700"
				}, {
					"cityName": "铜梁",
					"编码": "101042800"
				}, {
					"cityName": "璧山",
					"编码": "101042900"
				}, {
					"cityName": "丰都",
					"编码": "101043000"
				}, {
					"cityName": "武隆",
					"编码": "101043100"
				}, {
					"cityName": "彭水",
					"编码": "101043200"
				}, {
					"cityName": "綦江",
					"编码": "101043300"
				}, {
					"cityName": "酉阳",
					"编码": "101043400"
				}, {
					"cityName": "秀山",
					"编码": "101043600"
				}, {
					"cityName": "沙坪坝",
					"编码": "101043700"
				}, {
					"cityName": "永川",
					"编码": "101040200"
				}
			]
		}, {
			"province": "福建",
			"city": [
				{
					"cityName": "福州",
					"编码": "101230101"
				}, {
					"cityName": "泉州",
					"编码": "101230501"
				}, {
					"cityName": "漳州",
					"编码": "101230601"
				}, {
					"cityName": "龙岩",
					"编码": "101230701"
				}, {
					"cityName": "晋江",
					"编码": "101230509"
				}, {
					"cityName": "南平",
					"编码": "101230901"
				}, {
					"cityName": "厦门",
					"编码": "101230201"
				}, {
					"cityName": "宁德",
					"编码": "101230301"
				}, {
					"cityName": "莆田",
					"编码": "101230401"
				}, {
					"cityName": "三明",
					"编码": "101230801"
				}
			]
		}, {
			"province": "甘肃",
			"city": [
				{
					"cityName": "兰州",
					"编码": "101160101"
				}, {
					"cityName": "平凉",
					"编码": "101160301"
				}, {
					"cityName": "庆阳",
					"编码": "101160401"
				}, {
					"cityName": "武威",
					"编码": "101160501"
				}, {
					"cityName": "金昌",
					"编码": "101160601"
				}, {
					"cityName": "嘉峪关",
					"编码": "101161401"
				}, {
					"cityName": "酒泉",
					"编码": "101160801"
				}, {
					"cityName": "天水",
					"编码": "101160901"
				}, {
					"cityName": "武都",
					"编码": "101161001"
				}, {
					"cityName": "临夏",
					"编码": "101161101"
				}, {
					"cityName": "合作",
					"编码": "101161201"
				}, {
					"cityName": "白银",
					"编码": "101161301"
				}, {
					"cityName": "定西",
					"编码": "101160201"
				}, {
					"cityName": "张掖",
					"编码": "101160701"
				}
			]
		}, {
			"province": "广东",
			"city": [
				{
					"cityName": "广州",
					"编码": "101280101"
				}, {
					"cityName": "惠州",
					"编码": "101280301"
				}, {
					"cityName": "梅州",
					"编码": "101280401"
				}, {
					"cityName": "汕头",
					"编码": "101280501"
				}, {
					"cityName": "深圳",
					"编码": "101280601"
				}, {
					"cityName": "珠海",
					"编码": "101280701"
				}, {
					"cityName": "佛山",
					"编码": "101280800"
				}, {
					"cityName": "肇庆",
					"编码": "101280901"
				}, {
					"cityName": "湛江",
					"编码": "101281001"
				}, {
					"cityName": "江门",
					"编码": "101281101"
				}, {
					"cityName": "河源",
					"编码": "101281201"
				}, {
					"cityName": "清远",
					"编码": "101281301"
				}, {
					"cityName": "云浮",
					"编码": "101281401"
				}, {
					"cityName": "潮州",
					"编码": "101281501"
				}, {
					"cityName": "东莞",
					"编码": "101281601"
				}, {
					"cityName": "中山",
					"编码": "101281701"
				}, {
					"cityName": "阳江",
					"编码": "101281801"
				}, {
					"cityName": "揭阳",
					"编码": "101281901"
				}, {
					"cityName": "茂名",
					"编码": "101282001"
				}, {
					"cityName": "汕尾",
					"编码": "101282101"
				}, {
					"cityName": "韶关",
					"编码": "101280201"
				}
			]
		}, {
			"province": "广西",
			"city": [
				{
					"cityName": "南宁",
					"编码": "101300101"
				}, {
					"cityName": "柳州",
					"编码": "101300301"
				}, {
					"cityName": "来宾",
					"编码": "101300401"
				}, {
					"cityName": "桂林",
					"编码": "101300501"
				}, {
					"cityName": "梧州",
					"编码": "101300601"
				}, {
					"cityName": "防城港",
					"编码": "101301401"
				}, {
					"cityName": "贵港",
					"编码": "101300801"
				}, {
					"cityName": "玉林",
					"编码": "101300901"
				}, {
					"cityName": "百色",
					"编码": "101301001"
				}, {
					"cityName": "钦州",
					"编码": "101301101"
				}, {
					"cityName": "河池",
					"编码": "101301201"
				}, {
					"cityName": "北海",
					"编码": "101301301"
				}, {
					"cityName": "崇左",
					"编码": "101300201"
				}, {
					"cityName": "贺州",
					"编码": "101300701"
				}
			]
		}, {
			"province": "贵州",
			"city": [
				{
					"cityName": "贵阳",
					"编码": "101260101"
				}, {
					"cityName": "安顺",
					"编码": "101260301"
				}, {
					"cityName": "都匀",
					"编码": "101260401"
				}, {
					"cityName": "兴义",
					"编码": "101260906"
				}, {
					"cityName": "铜仁",
					"编码": "101260601"
				}, {
					"cityName": "毕节",
					"编码": "101260701"
				}, {
					"cityName": "六盘水",
					"编码": "101260801"
				}, {
					"cityName": "遵义",
					"编码": "101260201"
				}, {
					"cityName": "凯里",
					"编码": "101260501"
				}
			]
		}, {
			"province": "云南",
			"city": [
				{
					"cityName": "昆明",
					"编码": "101290101"
				}, {
					"cityName": "红河",
					"编码": "101290301"
				}, {
					"cityName": "文山",
					"编码": "101290601"
				}, {
					"cityName": "玉溪",
					"编码": "101290701"
				}, {
					"cityName": "楚雄",
					"编码": "101290801"
				}, {
					"cityName": "普洱",
					"编码": "101290901"
				}, {
					"cityName": "昭通",
					"编码": "101291001"
				}, {
					"cityName": "临沧",
					"编码": "101291101"
				}, {
					"cityName": "怒江",
					"编码": "101291201"
				}, {
					"cityName": "香格里拉",
					"编码": "101291301"
				}, {
					"cityName": "丽江",
					"编码": "101291401"
				}, {
					"cityName": "德宏",
					"编码": "101291501"
				}, {
					"cityName": "景洪",
					"编码": "101291601"
				}, {
					"cityName": "大理",
					"编码": "101290201"
				}, {
					"cityName": "曲靖",
					"编码": "101290401"
				}, {
					"cityName": "保山",
					"编码": "101290501"
				}
			]
		}, {
			"province": "内蒙古",
			"city": [
				{
					"cityName": "呼和浩特",
					"编码": "101080101"
				}, {
					"cityName": "乌海",
					"编码": "101080301"
				}, {
					"cityName": "集宁",
					"编码": "101080401"
				}, {
					"cityName": "通辽",
					"编码": "101080501"
				}, {
					"cityName": "阿拉善左旗",
					"编码": "101081201"
				}, {
					"cityName": "鄂尔多斯",
					"编码": "101080701"
				}, {
					"cityName": "临河",
					"编码": "101080801"
				}, {
					"cityName": "锡林浩特",
					"编码": "101080901"
				}, {
					"cityName": "呼伦贝尔",
					"编码": "101081000"
				}, {
					"cityName": "乌兰浩特",
					"编码": "101081101"
				}, {
					"cityName": "包头",
					"编码": "101080201"
				}, {
					"cityName": "赤峰",
					"编码": "101080601"
				}
			]
		}, {
			"province": "江西",
			"city": [
				{
					"cityName": "南昌",
					"编码": "101240101"
				}, {
					"cityName": "上饶",
					"编码": "101240301"
				}, {
					"cityName": "抚州",
					"编码": "101240401"
				}, {
					"cityName": "宜春",
					"编码": "101240501"
				}, {
					"cityName": "鹰潭",
					"编码": "101241101"
				}, {
					"cityName": "赣州",
					"编码": "101240701"
				}, {
					"cityName": "景德镇",
					"编码": "101240801"
				}, {
					"cityName": "萍乡",
					"编码": "101240901"
				}, {
					"cityName": "新余",
					"编码": "101241001"
				}, {
					"cityName": "九江",
					"编码": "101240201"
				}, {
					"cityName": "吉安",
					"编码": "101240601"
				}
			]
		}, {
			"province": "湖北",
			"city": [
				{
					"cityName": "武汉",
					"编码": "101200101"
				}, {
					"cityName": "黄冈",
					"编码": "101200501"
				}, {
					"cityName": "荆州",
					"编码": "101200801"
				}, {
					"cityName": "宜昌",
					"编码": "101200901"
				}, {
					"cityName": "恩施",
					"编码": "101201001"
				}, {
					"cityName": "十堰",
					"编码": "101201101"
				}, {
					"cityName": "神农架",
					"编码": "101201201"
				}, {
					"cityName": "随州",
					"编码": "101201301"
				}, {
					"cityName": "荆门",
					"编码": "101201401"
				}, {
					"cityName": "天门",
					"编码": "101201501"
				}, {
					"cityName": "仙桃",
					"编码": "101201601"
				}, {
					"cityName": "潜江",
					"编码": "101201701"
				}, {
					"cityName": "襄樊",
					"编码": "101200201"
				}, {
					"cityName": "鄂州",
					"编码": "101200301"
				}, {
					"cityName": "孝感",
					"编码": "101200401"
				}, {
					"cityName": "黄石",
					"编码": "101200601"
				}, {
					"cityName": "咸宁",
					"编码": "101200701"
				}
			]
		}, {
			"province": "四川",
			"city": [
				{
					"cityName": "成都",
					"编码": "101270101"
				}, {
					"cityName": "自贡",
					"编码": "101270301"
				}, {
					"cityName": "绵阳",
					"编码": "101270401"
				}, {
					"cityName": "南充",
					"编码": "101270501"
				}, {
					"cityName": "达州",
					"编码": "101270601"
				}, {
					"cityName": "遂宁",
					"编码": "101270701"
				}, {
					"cityName": "广安",
					"编码": "101270801"
				}, {
					"cityName": "巴中",
					"编码": "101270901"
				}, {
					"cityName": "泸州",
					"编码": "101271001"
				}, {
					"cityName": "宜宾",
					"编码": "101271101"
				}, {
					"cityName": "内江",
					"编码": "101271201"
				}, {
					"cityName": "资阳",
					"编码": "101271301"
				}, {
					"cityName": "乐山",
					"编码": "101271401"
				}, {
					"cityName": "眉山",
					"编码": "101271501"
				}, {
					"cityName": "凉山",
					"编码": "101271601"
				}, {
					"cityName": "雅安",
					"编码": "101271701"
				}, {
					"cityName": "甘孜",
					"编码": "101271801"
				}, {
					"cityName": "阿坝",
					"编码": "101271901"
				}, {
					"cityName": "德阳",
					"编码": "101272001"
				}, {
					"cityName": "广元",
					"编码": "101272101"
				}, {
					"cityName": "攀枝花",
					"编码": "101270201"
				}
			]
		}, {
			"province": "宁夏",
			"city": [
				{
					"cityName": "银川",
					"编码": "101170101"
				}, {
					"cityName": "中卫",
					"编码": "101170501"
				}, {
					"cityName": "固原",
					"编码": "101170401"
				}, {
					"cityName": "石嘴山",
					"编码": "101170201"
				}, {
					"cityName": "吴忠",
					"编码": "101170301"
				}
			]
		}, {
			"province": "青海",
			"city": [
				{
					"cityName": "西宁",
					"编码": "101150101"
				}, {
					"cityName": "黄南",
					"编码": "101150301"
				}, {
					"cityName": "海北",
					"编码": "101150801"
				}, {
					"cityName": "果洛",
					"编码": "101150501"
				}, {
					"cityName": "玉树",
					"编码": "101150601"
				}, {
					"cityName": "海西",
					"编码": "101150701"
				}, {
					"cityName": "海东",
					"编码": "101150201"
				}, {
					"cityName": "海南",
					"编码": "101150401"
				}
			]
		}, {
			"province": "山东",
			"city": [
				{
					"cityName": "济南",
					"编码": "101120101"
				}, {
					"cityName": "潍坊",
					"编码": "101120601"
				}, {
					"cityName": "临沂",
					"编码": "101120901"
				}, {
					"cityName": "菏泽",
					"编码": "101121001"
				}, {
					"cityName": "滨州",
					"编码": "101121101"
				}, {
					"cityName": "东营",
					"编码": "101121201"
				}, {
					"cityName": "威海",
					"编码": "101121301"
				}, {
					"cityName": "枣庄",
					"编码": "101121401"
				}, {
					"cityName": "日照",
					"编码": "101121501"
				}, {
					"cityName": "莱芜",
					"编码": "101121601"
				}, {
					"cityName": "聊城",
					"编码": "101121701"
				}, {
					"cityName": "青岛",
					"编码": "101120201"
				}, {
					"cityName": "淄博",
					"编码": "101120301"
				}, {
					"cityName": "德州",
					"编码": "101120401"
				}, {
					"cityName": "烟台",
					"编码": "101120501"
				}, {
					"cityName": "济宁",
					"编码": "101120701"
				}, {
					"cityName": "泰安",
					"编码": "101120801"
				}
			]
		}, {
			"province": "陕西",
			"city": [
				{
					"cityName": "西安",
					"编码": "101110101"
				}, {
					"cityName": "延安",
					"编码": "101110300"
				}, {
					"cityName": "榆林",
					"编码": "101110401"
				}, {
					"cityName": "铜川",
					"编码": "101111001"
				}, {
					"cityName": "商洛",
					"编码": "101110601"
				}, {
					"cityName": "安康",
					"编码": "101110701"
				}, {
					"cityName": "汉中",
					"编码": "101110801"
				}, {
					"cityName": "宝鸡",
					"编码": "101110901"
				}, {
					"cityName": "咸阳",
					"编码": "101110200"
				}, {
					"cityName": "渭南",
					"编码": "101110501"
				}
			]
		}, {
			"province": "山西",
			"city": [
				{
					"cityName": "太原",
					"编码": "101100101"
				}, {
					"cityName": "临汾",
					"编码": "101100701"
				}, {
					"cityName": "运城",
					"编码": "101100801"
				}, {
					"cityName": "朔州",
					"编码": "101100901"
				}, {
					"cityName": "忻州",
					"编码": "101101001"
				}, {
					"cityName": "长治",
					"编码": "101100501"
				}, {
					"cityName": "大同",
					"编码": "101100201"
				}, {
					"cityName": "阳泉",
					"编码": "101100301"
				}, {
					"cityName": "晋中",
					"编码": "101100401"
				}, {
					"cityName": "晋城",
					"编码": "101100601"
				}, {
					"cityName": "吕梁",
					"编码": "101101100"
				}
			]
		}, {
			"province": "新疆",
			"city": [
				{
					"cityName": "乌鲁木齐",
					"编码": "101130101"
				}, {
					"cityName": "石河子",
					"编码": "101130301"
				}, {
					"cityName": "昌吉",
					"编码": "101130401"
				}, {
					"cityName": "吐鲁番",
					"编码": "101130501"
				}, {
					"cityName": "库尔勒",
					"编码": "101130601"
				}, {
					"cityName": "阿拉尔",
					"编码": "101130701"
				}, {
					"cityName": "阿克苏",
					"编码": "101130801"
				}, {
					"cityName": "喀什",
					"编码": "101130901"
				}, {
					"cityName": "伊宁",
					"编码": "101131001"
				}, {
					"cityName": "塔城",
					"编码": "101131101"
				}, {
					"cityName": "哈密",
					"编码": "101131201"
				}, {
					"cityName": "和田",
					"编码": "101131301"
				}, {
					"cityName": "阿勒泰",
					"编码": "101131401"
				}, {
					"cityName": "阿图什",
					"编码": "101131501"
				}, {
					"cityName": "博乐",
					"编码": "101131601"
				}, {
					"cityName": "克拉玛依",
					"编码": "101130201"
				}
			]
		}, {
			"province": "西藏",
			"city": [
				{
					"cityName": "拉萨",
					"编码": "101140101"
				}, {
					"cityName": "山南",
					"编码": "101140301"
				}, {
					"cityName": "阿里",
					"编码": "101140701"
				}, {
					"cityName": "昌都",
					"编码": "101140501"
				}, {
					"cityName": "那曲",
					"编码": "101140601"
				}, {
					"cityName": "日喀则",
					"编码": "101140201"
				}, {
					"cityName": "林芝",
					"编码": "101140401"
				}
			]
		}, {
			"province": "台湾",
			"city": [
				{
					"cityName": "台北县",
					"编码": "101340101"
				}, {
					"cityName": "高雄",
					"编码": "101340201"
				}, {
					"cityName": "台中",
					"编码": "101340401"
				}
			]
		}, {
			"province": "海南",
			"city": [
				{
					"cityName": "海口",
					"编码": "101310101"
				}, {
					"cityName": "三亚",
					"编码": "101310201"
				}, {
					"cityName": "东方",
					"编码": "101310202"
				}, {
					"cityName": "临高",
					"编码": "101310203"
				}, {
					"cityName": "澄迈",
					"编码": "101310204"
				}, {
					"cityName": "儋州",
					"编码": "101310205"
				}, {
					"cityName": "昌江",
					"编码": "101310206"
				}, {
					"cityName": "白沙",
					"编码": "101310207"
				}, {
					"cityName": "琼中",
					"编码": "101310208"
				}, {
					"cityName": "定安",
					"编码": "101310209"
				}, {
					"cityName": "屯昌",
					"编码": "101310210"
				}, {
					"cityName": "琼海",
					"编码": "101310211"
				}, {
					"cityName": "文昌",
					"编码": "101310212"
				}, {
					"cityName": "保亭",
					"编码": "101310214"
				}, {
					"cityName": "万宁",
					"编码": "101310215"
				}, {
					"cityName": "陵水",
					"编码": "101310216"
				}, {
					"cityName": "西沙",
					"编码": "101310217"
				}, {
					"cityName": "南沙岛",
					"编码": "101310220"
				}, {
					"cityName": "乐东",
					"编码": "101310221"
				}, {
					"cityName": "五指山",
					"编码": "101310222"
				}, {
					"cityName": "琼山",
					"编码": "101310102"
				}
			]
		}, {
			"province": "湖南",
			"city": [
				{
					"cityName": "长沙",
					"编码": "101250101"
				}, {
					"cityName": "株洲",
					"编码": "101250301"
				}, {
					"cityName": "衡阳",
					"编码": "101250401"
				}, {
					"cityName": "郴州",
					"编码": "101250501"
				}, {
					"cityName": "常德",
					"编码": "101250601"
				}, {
					"cityName": "益阳",
					"编码": "101250700"
				}, {
					"cityName": "娄底",
					"编码": "101250801"
				}, {
					"cityName": "邵阳",
					"编码": "101250901"
				}, {
					"cityName": "岳阳",
					"编码": "101251001"
				}, {
					"cityName": "张家界",
					"编码": "101251101"
				}, {
					"cityName": "怀化",
					"编码": "101251201"
				}, {
					"cityName": "黔阳",
					"编码": "101251301"
				}, {
					"cityName": "永州",
					"编码": "101251401"
				}, {
					"cityName": "吉首",
					"编码": "101251501"
				}, {
					"cityName": "湘潭",
					"编码": "101250201"
				}
			]
		}, {
			"province": "江苏",
			"city": [
				{
					"cityName": "南京",
					"编码": "101190101"
				}, {
					"cityName": "镇江",
					"编码": "101190301"
				}, {
					"cityName": "苏州",
					"编码": "101190401"
				}, {
					"cityName": "南通",
					"编码": "101190501"
				}, {
					"cityName": "扬州",
					"编码": "101190601"
				}, {
					"cityName": "宿迁",
					"编码": "101191301"
				}, {
					"cityName": "徐州",
					"编码": "101190801"
				}, {
					"cityName": "淮安",
					"编码": "101190901"
				}, {
					"cityName": "连云港",
					"编码": "101191001"
				}, {
					"cityName": "常州",
					"编码": "101191101"
				}, {
					"cityName": "泰州",
					"编码": "101191201"
				}, {
					"cityName": "无锡",
					"编码": "101190201"
				}, {
					"cityName": "盐城",
					"编码": "101190701"
				}
			]
		}, {
			"province": "黑龙江",
			"city": [
				{
					"cityName": "哈尔滨",
					"编码": "101050101"
				}, {
					"cityName": "牡丹江",
					"编码": "101050301"
				}, {
					"cityName": "佳木斯",
					"编码": "101050401"
				}, {
					"cityName": "绥化",
					"编码": "101050501"
				}, {
					"cityName": "黑河",
					"编码": "101050601"
				}, {
					"cityName": "双鸭山",
					"编码": "101051301"
				}, {
					"cityName": "伊春",
					"编码": "101050801"
				}, {
					"cityName": "大庆",
					"编码": "101050901"
				}, {
					"cityName": "七台河",
					"编码": "101051002"
				}, {
					"cityName": "鸡西",
					"编码": "101051101"
				}, {
					"cityName": "鹤岗",
					"编码": "101051201"
				}, {
					"cityName": "齐齐哈尔",
					"编码": "101050201"
				}, {
					"cityName": "大兴安岭",
					"编码": "101050701"
				}
			]
		}, {
			"province": "吉林",
			"city": [
				{
					"cityName": "长春",
					"编码": "101060101"
				}, {
					"cityName": "延吉",
					"编码": "101060301"
				}, {
					"cityName": "四平",
					"编码": "101060401"
				}, {
					"cityName": "白山",
					"编码": "101060901"
				}, {
					"cityName": "白城",
					"编码": "101060601"
				}, {
					"cityName": "辽源",
					"编码": "101060701"
				}, {
					"cityName": "松原",
					"编码": "101060801"
				}, {
					"cityName": "吉林",
					"编码": "101060201"
				}, {
					"cityName": "通化",
					"编码": "101060501"
				}
			]
		}, {
			"province": "辽宁",
			"city": [
				{
					"cityName": "沈阳",
					"编码": "101070101"
				}, {
					"cityName": "鞍山",
					"编码": "101070301"
				}, {
					"cityName": "抚顺",
					"编码": "101070401"
				}, {
					"cityName": "本溪",
					"编码": "101070501"
				}, {
					"cityName": "丹东",
					"编码": "101070601"
				}, {
					"cityName": "葫芦岛",
					"编码": "101071401"
				}, {
					"cityName": "营口",
					"编码": "101070801"
				}, {
					"cityName": "阜新",
					"编码": "101070901"
				}, {
					"cityName": "辽阳",
					"编码": "101071001"
				}, {
					"cityName": "铁岭",
					"编码": "101071101"
				}, {
					"cityName": "朝阳",
					"编码": "101071201"
				}, {
					"cityName": "盘锦",
					"编码": "101071301"
				}, {
					"cityName": "大连",
					"编码": "101070201"
				}, {
					"cityName": "锦州",
					"编码": "101070701"
				}
			]
		}
	]
}

