{
  "code": 200,
  "msg": "成功",
  "imgSize":{
    "x":600,
    "y":569
  },
  "data": [{
    "p_id": "2",
    "p_name": "一号馆",
    "p_x": "421",
    "p_y": "248"
  }, {
    "p_id": "3",
    "p_name": "二号馆",
    "p_x": "226",
    "p_y": "248"
  }, {
    "p_id": "4",
    "p_name": "三号馆",
    "p_x": "158",
    "p_y": "248"
  }, {
    "p_id": "5",
    "p_name": "四号馆",
    "p_x": "95",
    "p_y": "248"
  }, {
    "p_id": "6",
    "p_name": "五号馆",
    "p_x": "214",
    "p_y": "360"
  }, {
    "p_id": "7",
    "p_name": "六号馆",
    "p_x": "318",
    "p_y": "360"
  }, {
    "p_id": "8",
    "p_name": "七号馆",
    "p_x": "213",
    "p_y": "435"
  }, {
    "p_id": "9",
    "p_name": "八号馆",
    "p_x": "355",
    "p_y": "435"
  }, {
    "p_id": "10",
    "p_name": "九号馆",
    "p_x": "215",
    "p_y": "512"
  }, {
    "p_id": "11",
    "p_name": "十号馆",
    "p_x": "353",
    "p_y": "512"
  }, {
    "p_id": "12",
    "p_name": "十一号馆",
    "p_x": "234",
    "p_y": "160"
  }, {
    "p_id": "13",
    "p_name": "游客中心",
    "p_x": "253",
    "p_y": "130"
  }, {
    "p_id": "14",
    "p_name": "蔬菜博物馆",
    "p_x": "398",
    "p_y": "190"
  }, {
    "p_id": "15",
    "p_name": "生态餐厅",
    "p_x": "380",
    "p_y": "360"
  }, {
    "p_id": "16",
    "p_name": "欧亚特菜公司",
    "p_x": "454",
    "p_y": "344"
  }, {
    "p_id": "17",
    "p_name": "员工餐厅",
    "p_x": "426",
    "p_y": "344"
  }, {
    "p_id": "18",
    "p_name": "采摘园",
    "p_x": "496",
    "p_y": "469"
  }]
}